Name,ProductID
Glenfiddich 14 Year Old Bourbon Barrel Reserve,203517
Four Roses Small Batch Bourbon,56294
Hibiki Harmony,61344
Eagle Rare 10 Year Old Kentucky Straight Bourbon,65616
Caribou Crossing Single Barrel Canadian Whisky,99510
Blanton's Original Bourbon,56284
Blanton's Single Barrel Special Reserve Kentucky Straight Bourbon,64174
Clynelish 14 Year Old Single Malt Scotch Whisky,105003
Michter's US-1 Single Barrel Rye Whiskey,59906
W. L. Weller 12-Year-Old Kentucky Straight Bourbon,56807
W.L. Weller Special Reserve Bourbon,59181
Alberta Premium Cask Strength Rye (2019),299017
Elijah Craig Barrel Proof,115515
Redbreast 12 Year Old Cask Strength Irish Whiskey,60321

